{
  "breakpoints": [
    0.10151873599809505,
    0.250556387747763,
    0.2935397342750778,
    0.31819609031942037,
    0.34315776150595856,
    0.36594170186560243,
    0.3821142672145907,
    0.3973782291138211,
    0.4107613280146898,
    0.41829417275383834,
    0.42663096463498196,
    0.4375522946819804,
    0.44765768965610053,
    0.4609678126080218,
    0.4693983289161157,
    0.4762936510557113,
    0.4873724858796143,
    0.5013611970412151,
    0.5112613317213403,
    0.5180292122288561,
    0.5261560527916942,
    0.5340582620383054,
    0.5425912378249712,
    0.5496402763657318,
    0.555047261987831,
    0.5638157325050848,
    0.5706515237699294,
    0.5789719714188193,
    0.5858463682814684,
    0.5951180692422153,
    0.6001707542176832,
    0.6059917680588444,
    0.6136966573071743,
    0.6203934329373266,
    0.6297253228617006,
    0.6370287388661139,
    0.6448648853312433,
    0.6540901987644503,
    0.6616787727978827,
    0.6699906851180318,
    0.6803398878169787,
    0.6956722128101605,
    0.703536286909498,
    0.7169226219011124,
    0.7276066541492,
    0.7397933643301472,
    0.7613511460498863,
    0.7900834585755551,
    0.823961642421684,
    0.9512622695514774
  ],
  "values": [
    0.0,
    0.2549019607843137,
    0.39565943238731216,
    0.39565943238731216,
    0.39565943238731216,
    0.39565943238731216,
    0.39565943238731216,
    0.39565943238731216,
    0.39565943238731216,
    0.39565943238731216,
    0.39565943238731216,
    0.39565943238731216,
    0.5098335854765507,
    0.5098335854765507,
    0.5098335854765507,
    0.5098335854765507,
    0.5098335854765507,
    0.5098335854765507,
    0.5098335854765507,
    0.5098335854765507,
    0.5098335854765507,
    0.5098335854765507,
    0.5098335854765507,
    0.5178571428571429,
    0.5357142857142857,
    0.5357142857142857,
    0.6058091286307054,
    0.6058091286307054,
    0.6058091286307054,
    0.6058091286307054,
    0.6058091286307054,
    0.6058091286307054,
    0.6058091286307054,
    0.6058091286307054,
    0.6345733041575492,
    0.6345733041575492,
    0.6345733041575492,
    0.6345733041575492,
    0.6345733041575492,
    0.6345733041575492,
    0.6345733041575492,
    0.676923076923077,
    0.676923076923077,
    0.6993006993006993,
    0.6993006993006993,
    0.6993006993006993,
    0.6993006993006993,
    0.7567567567567568,
    0.8307692307692308,
    1.0
  ]
}